{
  "images" : [
    {
      "idiom" : "universal",
      "filename" : "2ae9caa4-554b-42c0-8f48-b3f787030af0_200x200.png",
      "scale" : "1x"
    },
    {
      "idiom" : "universal",
      "filename" : "2ae9caa4-554b-42c0-8f48-b3f787030af0_200x200-1.png",
      "scale" : "2x"
    },
    {
      "idiom" : "universal",
      "filename" : "2ae9caa4-554b-42c0-8f48-b3f787030af0_200x200-2.png",
      "scale" : "3x"
    }
  ],
  "info" : {
    "version" : 1,
    "author" : "xcode"
  },
  "properties" : {
    "template-rendering-intent" : "original"
  }
}